Reason,Country,Visitor
VACATION,UNITED STATES OF AMERICA.,912314
VACATION,CANADA,300580
FRIENDS-RELATIVES,UNITED STATES OF AMERICA.,186624
SPORT,VAC,136019
VACATION,UNITED KINGDOM,122638
WEDDING,UNITED STATES OF AMERICA.,115603
SPORT,UNITED STATES OF AMERICA.,79767
FRIENDS-RELATIVES,UNITED KINGDOM,45746
BUSINESS,UNITED STATES OF AMERICA.,43220
FRIENDS-RELATIVES,CANADA,40532
FUNERAL,UNITED STATES OF AMERICA.,38749
WEDDING,CANADA,26453
OTHER,UNITED STATES OF AMERICA.,17096
SPORT,CANADA,15728
OTHER,UNITED STATES OF AMERICA.,14327
SPORT,UNITED KINGDOM,13815
BUSINESS,UNITED KINGDOM,11853
VACATION,SWEDEN,8206
BUSINESS,CANADA,8047
VACATION,ITALY,7982
FUNERAL,CANADA,7811
MISSIONARY,UNITED STATES OF AMERICA.,7771
WEDDING,UNITED KINGDOM,6826
VACATION,CAYMAN ISLANDS,6765
VACATION,HOLLAND,5768
SPORT,CAYMAN ISLANDS,5625
FRIENDS-RELATIVES,CAYMAN ISLANDS,4829
VACATION,CHILE,4804
VACATION,BELGIUM,4740
CONFERENCE,UNITED STATES OF AMERICA.,4464
FUNERAL,UNITED KINGDOM,4191
VACATION,FRANCE,3891
OTHER,UNITED KINGDOM,3599
BUSINESS,TRINIDAD & TOBAGO,3566
OTHER,UNITED KINGDOM,3495
VACATION,GERMANY,3274
OTHER,CANADA,2991
VACATION,ARGENTINA,2984
VACATION,TRINIDAD & TOBAGO,2923
HONEYMOON,UNITED STATES OF AMERICA.,2847
VACATION,SWITZERLAND,2717
SPORT,TRINIDAD & TOBAGO,2694
OTHER,CANADA,2343
VACATION,FINLAND,2261
VACATION,BRAZIL,2233
VACATION,AUSTRALIA,2213
BUSINESS,MEXICO,1870
VACATION,AUSTRIA,1808
VACATION,BAHAMAS,1800
FRIENDS-RELATIVES,BAHAMAS,1784
BUSINESS-VACATION,UNITED STATES OF AMERICA.,1706
VACATION,DENMARK,1613
VACATION,COLOMBIA,1611
OTHER,CAYMAN ISLANDS,1582
VACATION,CHINA,1543
VACATION,MEXICO,1536
OTHER,TRINIDAD & TOBAGO,1518
FRIENDS-RELATIVES,TRINIDAD & TOBAGO,1507
SPORT,BAHAMAS,1497
BUSINESS,BARBADOS,1451
BUSINESS,CAYMAN ISLANDS,1434
VACATION,ECUADOR,1418
VACATION,JAPAN,1353
VACATION,SPAIN,1326
VACATION,PERU,1304
VACATION,OTHER EUROPE,1258
OTHER,CAYMAN ISLANDS,1213
VACATION,NORWAY,1199
CONFERENCE,CANADA,1189
VACATION,BERMUDA,1162
VACATION,CZECHOSLOVAKIA,1156
BUSINESS,DOMINICAN REPUBLIC,1155
VACATION,POLAND,1146
BUSINESS,CHINA,1094
SPORT,FRANCE,982
CRUISE,UNITED KINGDOM,930
SPORT,BARBADOS,929
OTHER,TURKS & CAICOS ISLANDS,911
SPORT,AUSTRALIA,891
SPORT,GUYANA,871
VACATION,BARBADOS,853
BUSINESS,PANAMA,843
SPORT,JAPAN,838
VACATION,PANAMA,809
SPORT,CHINA,795
VACATION,GUYANA,792
FRIENDS-RELATIVES,BARBADOS,773
BUSINESS,SPAIN,761
FRIENDS-RELATIVES,BERMUDA,750
VACATION,TURKS & CAICOS ISLANDS,749
VACATION,RUSSIA,716
BUSINESS,GERMANY,702
FRIENDS-RELATIVES,CUBA,701
VACATION,URUGUAY,692
BUSINESS,TURKS & CAICOS ISLANDS,676
SPORT,TURKS & CAICOS ISLANDS,665
VACATION,PORTUGAL,645
CONFERENCE,TRINIDAD & TOBAGO,635
VACATION,AFRICA,629
VACATION,COSTA RICA,628
VACATION,INDIA,620
SPORT,MEXICO,618
HONEYMOON,CANADA,611
VACATION,ISREAL,598
WEDDING,ITALY,594
FRIENDS-RELATIVES,TURKS & CAICOS ISLANDS,584
SPORT,BERMUDA,548
SPORT,ANTIGUA,547
SPORT,BRAZIL,546
VACATION,ANTIGUA,540
BUSINESS,BAHAMAS,531
BUSINESS,BRAZIL,523
VACATION,ST. MAARTEN,520
BUSINESS,GUYANA,519
SPORT,ITALY,519
VACATION,BRITISH VIRGIN ISLANDS,515
SPORT,ST. MAARTEN,507
CONFERENCE,UNITED KINGDOM,497
HONEYMOON,UNITED KINGDOM,482
OTHER,BAHAMAS,480
SPORT,BRITISH VIRGIN ISLANDS,472
FRIENDS-RELATIVES,ANTIGUA,469
BUSINESS,INDIA,462
FRIENDS-RELATIVES,ST. MAARTEN,461
OTHER,BARBADOS,460
FRIENDS-RELATIVES,CHINA,455
BUSINESS,COLOMBIA,454
BUSINESS,COSTA RICA,452
VACATION,CUBA,452
OTHER,BAHAMAS,446
FRIENDS-RELATIVES,FRANCE,440
SPORT,SWITZERLAND,433
VACATION,DOMINICAN REPUBLIC,422
SPORT,SWEDEN,413
WEDDING,TRINIDAD & TOBAGO,379
OTHER,TRINIDAD & TOBAGO,378
FRIENDS-RELATIVES,GERMANY,376
SPORT,PANAMA,372
FRIENDS-RELATIVES,SWITZERLAND,366
OTHER,ANTIGUA,361
SPORT,CUBA,356
SPORT,COLOMBIA,353
BUSINESS,ITALY,350
FRIENDS-RELATIVES,HOLLAND,344
BUSINESS,JAPAN,336
CONFERENCE,BARBADOS,334
VACATION,SAINT CHRISTOPHER-NEVIS-ANGUILLA,328
BUSINESS-VACATION,CANADA,326
SPORT,SAINT CHRISTOPHER-NEVIS-ANGUILLA,323
BUSINESS,FRANCE,322
OTHER,TURKS & CAICOS ISLANDS,320
MISSIONARY,CANADA,319
SPORT,GERMANY,317
FUNERAL,CAYMAN ISLANDS,314
SPORT,HOLLAND,312
BUSINESS,VENEZUELA,309
BUSINESS,ST. LUCIA,302
FRIENDS-RELATIVES,BRITISH VIRGIN ISLANDS,302
BUSINESS,AFRICA,301
SPORT,SPAIN,301
OTHER,CHINA,297
VACATION,MIDDLE EAST,293
VACATION,HUNGARY,292
FRIENDS-RELATIVES,AUSTRALIA,290
VACATION,VENEZUELA,286
CONFERENCE,CAYMAN ISLANDS,283
OTHER,INDIA,272
OTHER,GUYANA,263
SPORT,CURACAO,263
OTHER,CHINA,260
VACATION,CURACAO,258
WEDDING,BRAZIL,254
FRIENDS-RELATIVES,INDIA,250
BUSINESS,ANTIGUA,247
CONFERENCE,BAHAMAS,247
FRIENDS-RELATIVES,ITALY,246
SPORT,ARUBA,246
SPORT,NORWAY,246
OTHER,SAINT CHRISTOPHER-NEVIS-ANGUILLA,241
VACATION,TURKEY,241
OTHER,MEXICO,240
VACATION,ARUBA,239
FRIENDS-RELATIVES,SPAIN,234
SPORT,DENMARK,233
VACATION,GUATEMALA,232
BUSINESS,HOLLAND,228
SPORT,ARGENTINA,225
FRIENDS-RELATIVES,SAINT CHRISTOPHER-NEVIS-ANGUILLA,223
VACATION,KOREA,222
OTHER,ANTIGUA,212
SPORT,ISREAL,211
FRIENDS-RELATIVES,CURACAO,208
FRIENDS-RELATIVES,JAPAN,207
VACATION,NEW ZEALAND,205
BUSINESS,AUSTRALIA,204
FRIENDS-RELATIVES,AFRICA,204
FRIENDS-RELATIVES,BELGIUM,202
BUSINESS,SAINT CHRISTOPHER-NEVIS-ANGUILLA,199
SPORT,INDIA,197
FRIENDS-RELATIVES,GUYANA,196
SPORT,OTHER EUROPE,195
BUSINESS,GUATEMALA,194
SPORT,COSTA RICA,191
VACATION,LUXEMBURG,191
SPORT,VENEZUELA,189
OTHER,CUBA,188
BUSINESS,HAITI,184
SPORT,CHILE,184
OTHER,CUBA,182
FRIENDS-RELATIVES,MEXICO,179
CONFERENCE,MEXICO,176
VACATION,OTHER ASIA,176
WEDDING,AUSTRALIA,175
WEDDING,CAYMAN ISLANDS,173
BUSINESS,SWEDEN,173
SPORT,AUSTRIA,173
BUSINESS,CHILE,172
FRIENDS-RELATIVES,SWEDEN,172
SPORT,DOMINICAN REPUBLIC,171
BUSINESS,BELIZE,169
FRIENDS-RELATIVES,MIDDLE EAST,168
SPORT,PERU,167
OTHER,BARBADOS,164
CONFERENCE,DOMINICAN REPUBLIC,163
SPORT,AFRICA,163
VACATION,HAITI,162
OTHER,AFRICA,160
BUSINESS,ARGENTINA,158
BUSINESS,GRENADA,158
OTHER,BELIZE,156
OTHER,ST. VINCENT,156
WEDDING,CHILE,154
BUSINESS,PORTUGAL,154
CRUISE,UNITED STATES OF AMERICA.,154
FRIENDS-RELATIVES,DOMINICAN REPUBLIC,152
WEDDING,MEXICO,151
OTHER,DOMINICAN REPUBLIC,149
VACATION,ST. LUCIA,149
OTHER,PHILIPPINES,147
SPORT,HAITI,147
BUSINESS,BERMUDA,146
BUSINESS-VACATION,UNITED KINGDOM,145
OTHER,VENEZUELA,143
FRIENDS-RELATIVES,PANAMA,141
SPORT,RUSSIA,139
WEDDING,BAHAMAS,138
OTHER,ST. LUCIA,136
OTHER,ITALY,135
BUSINESS,CURACAO,134
SPORT,GUATEMALA,134
SPORT,FINLAND,134
CONFERENCE,GUYANA,132
FRIENDS-RELATIVES,AUSTRIA,131
SPORT,ST. LUCIA,131
BUSINESS,BELGIUM,130
OTHER,PANAMA,125
BUSINESS,EL SALVADOR,121
OTHER,MEXICO,120
FRIENDS-RELATIVES,BELIZE,119
OTHER,ST. MAARTEN,119
VACATION,BELIZE,119
FRIENDS-RELATIVES,ST. LUCIA,118
WEDDING,BELGIUM,116
WEDDING,SPAIN,116
BUSINESS,CUBA,116
BUSINESS,SURINAME,116
SPORT,MIDDLE EAST,116
OTHER,FRANCE,114
SPORT,BELGIUM,114
OTHER,GUYANA,113
FRIENDS-RELATIVES,ARUBA,107
OTHER,GERMANY,107
VACATION,TAIWAN,106
BUSINESS,SWITZERLAND,105
OTHER,BRITISH VIRGIN ISLANDS,105
WEDDING,BERMUDA,104
VACATION,BOLIVIA,103
WEDDING,COLOMBIA,102
BUSINESS,CZECHOSLOVAKIA,102
OTHER,FRANCE,101
SPORT,SURINAME,101
WEDDING,GERMANY,100
FRIENDS-RELATIVES,COLOMBIA,100
WEDDING,BARBADOS,99
WEDDING,FRANCE,99
BUSINESS,ST. VINCENT,99
CONFERENCE,COLOMBIA,99
BUSINESS,ISREAL,98
VACATION,SURINAME,98
BUSINESS,RUSSIA,97
FUNERAL,BAHAMAS,97
BUSINESS,DOMINICA,96
BUSINESS,OTHER ASIA,96
BUSINESS,OTHER EUROPE,96
OTHER,BERMUDA,96
FRIENDS-RELATIVES,DENMARK,94
OTHER,DOMINICAN REPUBLIC,92
WEDDING,JAPAN,91
CONFERENCE,PANAMA,91
VACATION,GREECE,91
WEDDING,AFRICA,90
OTHER,INDIA,90
OTHER,SPAIN,90
BUSINESS,PERU,89
CONFERENCE,ANTIGUA,89
FRIENDS-RELATIVES,COSTA RICA,89
WEDDING,SWEDEN,88
BUSINESS,KOREA,88
FRIENDS-RELATIVES,ST. VINCENT,88
OTHER,GERMANY,87
OTHER,JAPAN,85
SPORT,TAIWAN,85
SPORT,ST. VINCENT,82
SPORT,OTHER ASIA,82
WEDDING,ARGENTINA,81
BUSINESS,ST. MAARTEN,81
MISSIONARY,UNITED KINGDOM,81
VACATION,ST. VINCENT,81
BUSINESS,DENMARK,80
FRIENDS-RELATIVES,GRENADA,80
OTHER,SPAIN,79
SPORT,KOREA,79
VACATION,SINGAPORE,79
CONFERENCE,SURINAME,78
WEDDING,HOLLAND,77
SPORT,BELIZE,77
SPORT,NEW ZEALAND,77
VACATION,HONDURAS,76
BUSINESS,NORWAY,75
BUSINESS,OTHER MEDITERRANEAN,75
OTHER,HAITI,75
BUSINESS,BRITISH VIRGIN ISLANDS,74
OTHER,COLOMBIA,74
VACATION,OTHER MEDITERRANEAN,74
VACATION,PARAGUAY,74
OTHER,OTHER ASIA,73
WEDDING,AUSTRIA,72
OTHER,BRITISH VIRGIN ISLANDS,72
BUSINESS,AUSTRIA,71
BUSINESS,ECUADOR,71
FRIENDS-RELATIVES,BRAZIL,70
OTHER,CHILE,70
WEDDING,ISREAL,69
WEDDING,PERU,69
CONFERENCE,CHILE,69
FRIENDS-RELATIVES,NEW ZEALAND,69
OTHER,ARGENTINA,69
SPORT,EL SALVADOR,69
VACATION,GRENADA,69
CONFERENCE,HAITI,68
OTHER,GRENADA,68
SPORT,POLAND,67
BUSINESS,GREECE,66
BUSINESS,MIDDLE EAST,66
FRIENDS-RELATIVES,OTHER ASIA,66
OTHER,SAINT CHRISTOPHER-NEVIS-ANGUILLA,66
WEDDING,GUYANA,65
BUSINESS,SINGAPORE,65
FRIENDS-RELATIVES,NORWAY,65
SPORT,HONDURAS,65
FUNERAL,BERMUDA,64
OTHER,BRAZIL,63
CONFERENCE,ST. LUCIA,62
CONFERENCE,AFRICA,60
CONFERENCE,COSTA RICA,60
OTHER,AUSTRIA,60
CONFERENCE,BRITISH VIRGIN ISLANDS,59
FRIENDS-RELATIVES,VENEZUELA,58
CONFERENCE,INDIA,57
FRIENDS-RELATIVES,HAITI,57
OTHER,ITALY,57
WEDDING,TURKS & CAICOS ISLANDS,55
CONFERENCE,BELIZE,55
OTHER,BELGIUM,55
OTHER,BERMUDA,55
BUSINESS,POLAND,54
OTHER,DOMINICA,54
OTHER,HOLLAND,54
SPORT,GRENADA,54
VACATION,GUADELOUPE,54
WEDDING,INDIA,53
OTHER,OTHER EUROPE,53
SPORT,URUGUAY,53
WEDDING,NORWAY,52
CONFERENCE,CHINA,52
FUNERAL,ANTIGUA,52
OTHER,SWEDEN,52
CRUISE,GERMANY,52
CONFERENCE,BRAZIL,51
CONFERENCE,SPAIN,51
SPORT,DOMINICA,51
CONFERENCE,SAINT CHRISTOPHER-NEVIS-ANGUILLA,50
VACATION,EL SALVADOR,50
SPORT,GUADELOUPE,49
SPORT,MONSTERRAT,49
VACATION,DOMINICA,49
VACATION,MONSTERRAT,49
CONFERENCE,ECUADOR,48
OTHER,JAPAN,48
OTHER,PANAMA,48
OTHER,SWITZERLAND,48
OTHER,VENEZUELA,48
VACATION,OTHER CARIBBEAN,47
CONFERENCE,DOMINICA,46
FRIENDS-RELATIVES,POLAND,46
CONFERENCE,ARGENTINA,45
FRIENDS-RELATIVES,RUSSIA,45
OTHER,NICARAGUA,45
SPORT,CZECHOSLOVAKIA,45
WEDDING,OTHER EUROPE,45
BUSINESS,FINLAND,44
CONFERENCE,FRANCE,44
CONFERENCE,ST. VINCENT,44
VACATION,PHILIPPINES,44
FRIENDS-RELATIVES,KOREA,43
SPORT,ECUADOR,43
WEDDING,ANTIGUA,42
BUSINESS,HONDURAS,42
FRIENDS-RELATIVES,ISREAL,42
OTHER,HOLLAND,42
OTHER,GUATEMALA,42
SPORT,PORTUGAL,42
CONFERENCE,TURKS & CAICOS ISLANDS,41
FRIENDS-RELATIVES,DOMINICA,41
FRIENDS-RELATIVES,GUATEMALA,41
FRIENDS-RELATIVES,SURINAME,41
FRIENDS-RELATIVES,OTHER EUROPE,40
OTHER,SWITZERLAND,40
SPORT,TURKEY,40
BUSINESS,NEW ZEALAND,39
BUSINESS,PHILIPPINES,39
CONFERENCE,ITALY,39
FRIENDS-RELATIVES,FINLAND,39
OTHER,ST. MAARTEN,39
WEDDING,BELIZE,38
WEDDING,SWITZERLAND,38
FRIENDS-RELATIVES,ARGENTINA,38
OTHER,COLOMBIA,38
OTHER,CURACAO,38
OTHER,DENMARK,38
SPORT,OTHER CARIBBEAN,38
CONFERENCE,HOLLAND,37
OTHER,ARGENTINA,37
OTHER,AUSTRALIA,37
FRIENDS-RELATIVES,CHILE,36
OTHER,HAITI,36
OTHER,RUSSIA,36
OTHER,AUSTRIA,36
OTHER,CHILE,36
OTHER,PERU,36
WEDDING,POLAND,35
WEDDING,RUSSIA,35
CONFERENCE,GRENADA,35
FUNERAL,BARBADOS,34
OTHER,RUSSIA,34
BUSINESS,TURKEY,33
FRIENDS-RELATIVES,ECUADOR,33
OTHER,NORWAY,33
CRUISE,CANADA,33
BUSINESS,ALL OTHER COUNTRIES,32
CONFERENCE,CURACAO,32
OTHER,BRAZIL,32
OTHER,SWEDEN,32
WEDDING,CHINA,31
WEDDING,KOREA,31
OTHER,AFRICA,31
OTHER,ST. VINCENT,31
OTHER,MONSTERRAT,31
OTHER,SURINAME,31
BUSINESS,URUGUAY,30
CONFERENCE,VENEZUELA,30
OTHER,BELGIUM,30
WEDDING,ECUADOR,30
CONFERENCE,JAPAN,29
FRIENDS-RELATIVES,PORTUGAL,29
FUNERAL,TRINIDAD & TOBAGO,29
OTHER,ARUBA,29
OTHER,ST. LUCIA,29
BUSINESS-VACATION,CAYMAN ISLANDS,28
CONFERENCE,SWITZERLAND,28
FUNERAL,BRITISH VIRGIN ISLANDS,28
FUNERAL,ST. MAARTEN,28
OTHER,OTHER EUROPE,28
OTHER,POLAND,28
VACATION,NICARAGUA,28
BUSINESS,ARUBA,27
CONFERENCE,CUBA,27
FRIENDS-RELATIVES,MONSTERRAT,27
FRIENDS-RELATIVES,PERU,27
SPORT,GREECE,27
WEDDING,MIDDLE EAST,26
OTHER,PHILIPPINES,26
WEDDING,PANAMA,25
BUSINESS,BOLIVIA,25
CONFERENCE,ST. MAARTEN,25
BUSINESS,NICARAGUA,24
CONFERENCE,PERU,24
OTHER,POLAND,24
VACATION,SAUDI ARABIA,24
WEDDING,URUGUAY,24
WEDDING,PORTUGAL,23
OTHER,COSTA RICA,23
OTHER,CURACAO,23
SPORT,NICARAGUA,23
SPORT,SINGAPORE,23
WEDDING,DENMARK,22
WEDDING,OTHER MEDITERRANEAN,22
WEDDING,ST. MAARTEN,22
MISSIONARY,TRINIDAD & TOBAGO,22
FRIENDS-RELATIVES,LUXEMBURG,21
OTHER,HONDURAS,21
SPORT,HUNGARY,21
OTHER,CZECHOSLOVAKIA,21
WEDDING,COSTA RICA,20
FRIENDS-RELATIVES,CZECHOSLOVAKIA,20
FRIENDS-RELATIVES,SINGAPORE,20
FUNERAL,TURKS & CAICOS ISLANDS,20
OTHER,FINLAND,20
OTHER,HONDURAS,20
OTHER,MONSTERRAT,20
OTHER,ECUADOR,20
SPORT,OTHER MEDITERRANEAN,20
WEDDING,ST. LUCIA,19
HONEYMOON,TRINIDAD & TOBAGO,19
OTHER,BELIZE,19
OTHER,DENMARK,19
OTHER,ECUADOR,19
OTHER,ARUBA,19
CONFERENCE,BELGIUM,18
FRIENDS-RELATIVES,NICARAGUA,18
BUSINESS,HUNGARY,17
BUSINESS,MONSTERRAT,17
MISSIONARY,BERMUDA,17
OTHER,FINLAND,17
CONFERENCE,AUSTRALIA,16
FRIENDS-RELATIVES,PHILIPPINES,16
MISSIONARY,CAYMAN ISLANDS,16
OTHER,AUSTRALIA,16
CONFERENCE,GERMANY,15
CONFERENCE,KOREA,15
FRIENDS-RELATIVES,HUNGARY,15
MISSIONARY,TURKS & CAICOS ISLANDS,15
OTHER,GREECE,15
OTHER,KOREA,15
OTHER,TURKEY,15
WEDDING,FINLAND,15
WEDDING,GUATEMALA,14
FRIENDS-RELATIVES,BOLIVIA,14
FRIENDS-RELATIVES,HONDURAS,14
FUNERAL,ARUBA,14
FUNERAL,CURACAO,14
OTHER,COSTA RICA,14
OTHER,DOMINICA,14
OTHER,GRENADA,14
OTHER,OTHER ASIA,14
OTHER,PERU,14
SPORT,PHILIPPINES,14
HONEYMOON,BELGIUM,14
WEDDING,TURKEY,13
BUSINESS,PARAGUAY,13
CONFERENCE,GUATEMALA,13
HONEYMOON,ITALY,13
MISSIONARY,AFRICA,13
OTHER,ISREAL,13
WEDDING,CZECHOSLOVAKIA,13
HONEYMOON,HOLLAND,13
WEDDING,BRITISH VIRGIN ISLANDS,12
WEDDING,HUNGARY,12
WEDDING,SAINT CHRISTOPHER-NEVIS-ANGUILLA,12
WEDDING,ST. VINCENT,12
BUSINESS,GUADELOUPE,12
BUSINESS,OTHER CARIBBEAN,12
BUSINESS-VACATION,MEXICO,12
FRIENDS-RELATIVES,EL SALVADOR,12
FRIENDS-RELATIVES,GUADELOUPE,12
FUNERAL,FRANCE,12
SPORT,BOLIVIA,12
WEDDING,CURACAO,11
WEDDING,MONSTERRAT,11
WEDDING,SAUDI ARABIA,11
CRUISE,CULT,11
FRIENDS-RELATIVES,TURKEY,11
HONEYMOON,AUSTRALIA,11
OTHER,PORTUGAL,11
OTHER,ALL OTHER COUNTRIES,11
OTHER,EL SALVADOR,11
VACATION,ALL OTHER COUNTRIES,11
OTHER,URUGUAY,11
WEDDING,GREECE,10
WEDDING,NEW ZEALAND,10
WEDDING,VENEZUELA,10
BUSINESS-VACATION,BARBADOS,10
CONFERENCE,EL SALVADOR,10
CONFERENCE,OTHER ASIA,10
FRIENDS-RELATIVES,OTHER CARIBBEAN,10
HONEYMOON,CAYMAN ISLANDS,10
HONEYMOON,ISREAL,10
OTHER,MIDDLE EAST,10
CRUISE,AUSTRIA,10
BUSINESS-VACATION,ITALY,9
BUSINESS-VACATION,TRINIDAD & TOBAGO,9
CONFERENCE,MONSTERRAT,9
FRIENDS-RELATIVES,SAUDI ARABIA,9
FUNERAL,HOLLAND,9
HONEYMOON,BRAZIL,9
OTHER,GUATEMALA,9
WEDDING,BOLIVIA,9
BUSINESS,TAIWAN,8
BUSINESS-VACATION,PANAMA,8
CONFERENCE,ARUBA,8
CONFERENCE,AUSTRIA,8
CRUISE,PHILIPPINES,8
FUNERAL,GUYANA,8
FUNERAL,JAPAN,8
FUNERAL,SAINT CHRISTOPHER-NEVIS-ANGUILLA,8
HONEYMOON,SWEDEN,8
OTHER,KOREA,8
OTHER,SURINAME,8
OTHER,TURKEY,8
OTHER,BOLIVIA,8
OTHER,CZECHOSLOVAKIA,8
OTHER,NEW ZEALAND,8
WEDDING,EL SALVADOR,8
WEDDING,OTHER ASIA,8
CRUISE,SWITZERLAND,8
WEDDING,DOMINICAN REPUBLIC,7
BUSINESS-VACATION,BERMUDA,7
CONFERENCE,BERMUDA,7
CONFERENCE,DENMARK,7
CONFERENCE,HONDURAS,7
CONFERENCE,PORTUGAL,7
FUNERAL,GERMANY,7
OTHER,GUADELOUPE,7
OTHER,NORWAY,7
OTHER,GREECE,7
WEDDING,CUBA,6
BUSINESS,LUXEMBURG,6
BUSINESS-VACATION,BAHAMAS,6
BUSINESS-VACATION,CHINA,6
BUSINESS-VACATION,INDIA,6
BUSINESS-VACATION,OTHER EUROPE,6
CONFERENCE,ISREAL,6
CONFERENCE,NICARAGUA,6
CONFERENCE,OTHER EUROPE,6
CONFERENCE,SWEDEN,6
FUNERAL,BELGIUM,6
OTHER,EL SALVADOR,6
SPORT,PAKISTAN,6
SPORT,ALL OTHER COUNTRIES,6
SPORT,SAUDI ARABIA,6
VACATION,PAKISTAN,6
WEDDING,LUXEMBURG,6
WEDDING,PARAGUAY,6
WEDDING,HAITI,5
BUSINESS-VACATION,AFRICA,5
BUSINESS-VACATION,ANTIGUA,5
BUSINESS-VACATION,SAINT CHRISTOPHER-NEVIS-ANGUILLA,5
CONFERENCE,GUADELOUPE,5
CONFERENCE,POLAND,5
CONFERENCE,SINGAPORE,5
CONFERENCE,TURKEY,5
CONFERENCE,URUGUAY,5
FRIENDS-RELATIVES,ALL OTHER COUNTRIES,5
FRIENDS-RELATIVES,GREECE,5
FRIENDS-RELATIVES,PARAGUAY,5
FRIENDS-RELATIVES,URUGUAY,5
FUNERAL,AFRICA,5
FUNERAL,AUSTRALIA,5
FUNERAL,DOMINICA,5
FUNERAL,MEXICO,5
FUNERAL,ST. LUCIA,5
HONEYMOON,BARBADOS,5
MISSIONARY,ANTIGUA,5
MISSIONARY,AUSTRALIA,5
MISSIONARY,BAHAMAS,5
MISSIONARY,ST. MAARTEN,5
OTHER,PAKISTAN,5
OTHER,PORTUGAL,5
OTHER,URUGUAY,5
WEDDING,PHILIPPINES,5
BUSINESS-VACATION,HUNGARY,5
CRUISE,OTHER ASIA,5
HONEYMOON,GERMANY,5
HONEYMOON,PERU,5
WEDDING,DOMINICA,4
BUSINESS-VACATION,COLOMBIA,4
BUSINESS-VACATION,FRANCE,4
BUSINESS-VACATION,HOLLAND,4
BUSINESS-VACATION,SPAIN,4
CONFERENCE,MIDDLE EAST,4
CONFERENCE,NORWAY,4
CONFERENCE,PARAGUAY,4
CONFERENCE,PHILIPPINES,4
CONFERENCE,RUSSIA,4
CONFERENCE,SAUDI ARABIA,4
FRIENDS-RELATIVES,OTHER MEDITERRANEAN,4
FUNERAL,ITALY,4
HONEYMOON,BAHAMAS,4
MISSIONARY,PHILIPPINES,4
OTHER,ALL OTHER COUNTRIES,4
OTHER,HUNGARY,4
OTHER,HUNGARY,4
CONFERENCE,ALL OTHER COUNTRIES,4
CRUISE,INDIA,4
HONEYMOON,SPAIN,4
MISSIONARY,POLAND,4
WEDDING,ARUBA,3
WEDDING,OTHER CARIBBEAN,3
BUSINESS,PAKISTAN,3
BUSINESS,SAUDI ARABIA,3
BUSINESS-VACATION,BELGIUM,3
BUSINESS-VACATION,BRAZIL,3
BUSINESS-VACATION,DENMARK,3
BUSINESS-VACATION,GUYANA,3
BUSINESS-VACATION,SWEDEN,3
CONFERENCE,GREECE,3
CONFERENCE,OTHER CARIBBEAN,3
CONFERENCE,PAKISTAN,3
CRUISE,AFRICA,3
FRIENDS-RELATIVES,TAIWAN,3
FUNERAL,BELIZE,3
FUNERAL,DOMINICAN REPUBLIC,3
FUNERAL,MIDDLE EAST,3
HONEYMOON,ARGENTINA,3
MISSIONARY,GUYANA,3
OTHER,BOLIVIA,3
OTHER,MIDDLE EAST,3
OTHER,ISREAL,3
SPORT,PARAGUAY,3
WEDDING,SINGAPORE,3
CRUISE,BELGIUM,3
CRUISE,ITALY,3
CRUISE,PANAMA,3
FUNERAL,SWITZERLAND,3
HONEYMOON,AUSTRIA,3
HONEYMOON,CHINA,3
HONEYMOON,FRANCE,3
HONEYMOON,KOREA,3
MISSIONARY,INDIA,3
BUSINESS-VACATION,CHILE,2
BUSINESS-VACATION,DOMINICAN REPUBLIC,2
BUSINESS-VACATION,GRENADA,2
BUSINESS-VACATION,GUATEMALA,2
BUSINESS-VACATION,PERU,2
BUSINESS-VACATION,POLAND,2
BUSINESS-VACATION,TAIWAN,2
CONFERENCE,CZECHOSLOVAKIA,2
CONFERENCE,HUNGARY,2
CONFERENCE,NEW ZEALAND,2
CRUISE,OTHER EUROPE,2
FRIENDS-RELATIVES,PAKISTAN,2
FUNERAL,ECUADOR,2
FUNERAL,GRENADA,2
FUNERAL,INDIA,2
FUNERAL,NICARAGUA,2
FUNERAL,PANAMA,2
FUNERAL,SAUDI ARABIA,2
HONEYMOON,GUYANA,2
MISSIONARY,ALL OTHER COUNTRIES,2
MISSIONARY,BARBADOS,2
MISSIONARY,BELIZE,2
MISSIONARY,BRAZIL,2
MISSIONARY,DOMINICAN REPUBLIC,2
MISSIONARY,FRANCE,2
MISSIONARY,JAPAN,2
MISSIONARY,SPAIN,2
OTHER,LUXEMBURG,2
OTHER,NICARAGUA,2
OTHER,SINGAPORE,2
OTHER,GUADELOUPE,2
OTHER,OTHER CARIBBEAN,2
SPORT,LUXEMBURG,2
WEDDING,HONDURAS,2
BUSINESS-VACATION,ECUADOR,2
CONFERENCE,LUXEMBURG,2
CRUISE,ISREAL,2
CRUISE,PERU,2
CRUISE,POLAND,2
CRUISE,SINGAPORE,2
FUNERAL,NORWAY,2
HONEYMOON,BELIZE,2
HONEYMOON,COSTA RICA,2
HONEYMOON,DOMINICA,2
HONEYMOON,HONDURAS,2
HONEYMOON,NORWAY,2
MISSIONARY,DENMARK,2
MISSIONARY,SWITZERLAND,2
OTHER,OTHER MEDITERRANEAN,2
OTHER,SINGAPORE,2
WEDDING,GRENADA,1
BUSINESS,OTHER SOUTH AMERICA,1
BUSINESS-VACATION,ARUBA,1
BUSINESS-VACATION,BELIZE,1
BUSINESS-VACATION,BRITISH VIRGIN ISLANDS,1
BUSINESS-VACATION,COSTA RICA,1
BUSINESS-VACATION,CUBA,1
BUSINESS-VACATION,CURACAO,1
BUSINESS-VACATION,DOMINICA,1
BUSINESS-VACATION,HONDURAS,1
BUSINESS-VACATION,PHILIPPINES,1
BUSINESS-VACATION,PORTUGAL,1
BUSINESS-VACATION,ST. MAARTEN,1
BUSINESS-VACATION,ST. VINCENT,1
BUSINESS-VACATION,TURKS & CAICOS ISLANDS,1
BUSINESS-VACATION,VENEZUELA,1
CRUISE,BAHAMAS,1
CRUISE,BARBADOS,1
FUNERAL,ALL OTHER COUNTRIES,1
FUNERAL,BRAZIL,1
FUNERAL,COLOMBIA,1
FUNERAL,COSTA RICA,1
FUNERAL,HAITI,1
FUNERAL,ISREAL,1
FUNERAL,OTHER EUROPE,1
FUNERAL,ST. VINCENT,1
FUNERAL,SWEDEN,1
FUNERAL,VENEZUELA,1
HONEYMOON,CHILE,1
HONEYMOON,CURACAO,1
HONEYMOON,JAPAN,1
HONEYMOON,TURKS & CAICOS ISLANDS,1
MISSIONARY,BRITISH VIRGIN ISLANDS,1
MISSIONARY,CHINA,1
MISSIONARY,COSTA RICA,1
MISSIONARY,DOMINICA,1
MISSIONARY,GRENADA,1
MISSIONARY,KOREA,1
MISSIONARY,MEXICO,1
MISSIONARY,NORWAY,1
MISSIONARY,OTHER EUROPE,1
MISSIONARY,ST. LUCIA,1
MISSIONARY,VENEZUELA,1
OTHER,OTHER CARIBBEAN,1
OTHER,PAKISTAN,1
OTHER,SAUDI ARABIA,1
OTHER,SAUDI ARABIA,1
WEDDING,NICARAGUA,1
BUSINESS-VACATION,ARGENTINA,1
BUSINESS-VACATION,GERMANY,1
BUSINESS-VACATION,OTHER ASIA,1
CONFERENCE,BOLIVIA,1
CONFERENCE,FINLAND,1
CONFERENCE,OTHER MEDITERRANEAN,1
CONFERENCE,TAIWAN,1
CRUISE,AUSTRALIA,1
CRUISE,COLOMBIA,1
CRUISE,EL SALVADOR,1
CRUISE,HOLLAND,1
CRUISE,HONDURAS,1
CRUISE,NORWAY,1
CRUISE,RUSSIA,1
FUNERAL,AUSTRIA,1
FUNERAL,LUXEMBURG,1
FUNERAL,SPAIN,1
HONEYMOON,AFRICA,1
HONEYMOON,FINLAND,1
HONEYMOON,INDIA,1
HONEYMOON,MEXICO,1
HONEYMOON,OTHER MEDITERRANEAN,1
HONEYMOON,SWITZERLAND,1
MISSIONARY,COLOMBIA,1
MISSIONARY,CZECHOSLOVAKIA,1
MISSIONARY,HOLLAND,1
MISSIONARY,ITALY,1
MISSIONARY,OTHER ASIA,1
OTHER,PARAGUAY,1
OTHER,LUXEMBURG,1
OTHER,PARAGUAY,1
OTHER,TAIWAN,1
